Is this in New Orleans?? I really feel like this is New Orleans.	27	edgurhb
You know the answer man, you are programmed to capture those codes they send you, don’t avoid them!	4,27	ee84bjg
I've never been this sad in my life!	25	edcu99z
The economy is heavily controlled and subsidized by the government. In any case, I was poking at the lack of nuance in US politics today	4,27	edc32e2
He could have easily taken a real camera from a legitimate source and change the price in Word/Photoshop and then print it out.	20	eepig6r
Thank you for your vote of confidence, but we statistically can't get to 10 wins.	15	eczm50f
Wah Mum other people call me on my bullshit and I can't ban them , Go out side son.	2	ed4yr9r
There it is!	27	ede4v0m
At least now [NAME] has more time to gain his confidence	20	eekez9p
Good. We don't want more thrash liberal offspring in this world.	10	ee0fxpu
It's better to say a moment like that could truly ignite her love for the game rather than putting a bit of a damper on it.	18	eelgxk0
I went to a destination wedding being the only single person. Promised to never put myself in that situation again.	12,22	eczyj0h
He died 4 days later of dehydration	16	edwloev
Like this just cuz of the [NAME] rhymes background raps...but dude your [NAME] is sick against [NAME]	27	eebwc0c
Lol dream on buddy. You’ve had enough attention today. Actually learn what your talking about helps a lot. Sorry your stuck in free roam smokin crack	1,3,25	ed2znun
